{"cameraMode":{"drawMode":0,"name":"Shaded","section":"Shading Mode"},"sceneLighting":false,"audioPlay":false,"sceneViewState":{"showFog":true,"showMaterialUpdate":false,"showSkybox":false,"showFlares":true,"showImageEffects":true,"showParticleSystems":true},"in2DMode":false,"pivot":{"x":0.45790791511535647,"y":0.8535395860671997,"z":0.04864078015089035},"rotation":{"x":0.08023542165756226,"y":0.04334581643342972,"z":-0.0034924380015581848,"w":0.9958269000053406},"size":0.6695834398269653,"orthographic":true}