{"cameraMode":{"drawMode":0,"name":"Shaded","section":"Shading Mode"},"sceneLighting":true,"audioPlay":false,"sceneViewState":{"showFog":true,"showMaterialUpdate":false,"showSkybox":true,"showFlares":true,"showImageEffects":true,"showParticleSystems":true},"in2DMode":false,"pivot":{"x":0.08003520965576172,"y":0.3428061008453369,"z":1.5800000429153443},"rotation":{"x":-0.021603135392069818,"y":-0.9708053469657898,"z":0.09583550691604614,"w":-0.21882839500904084},"size":18.670175552368165,"orthographic":true}