{"cameraMode":{"drawMode":0,"name":"Shaded","section":"Shading Mode"},"sceneLighting":true,"audioPlay":false,"sceneViewState":{"showFog":true,"showMaterialUpdate":false,"showSkybox":false,"showFlares":true,"showImageEffects":true,"showParticleSystems":true},"in2DMode":false,"pivot":{"x":54.799346923828128,"y":17.083171844482423,"z":-1.809993028640747},"rotation":{"x":-0.06840415298938751,"y":0.6784368753433228,"z":-0.06368665397167206,"w":-0.728689432144165},"size":40.010372161865237,"orthographic":false}